-- 유저 인서트
insert into minites_user 
  (email, name, phone)
values 
  ('aileen1917@gmail.com', 'bk','01055555555');
insert into minites_user 
  (email, name, phone)
values 
  ('seekmj21@gmail.com', '니지','01055555123');
insert into minites_user 
  (email, name, phone)
values 
  ('minitestest@gmail.com', 'minitestest','01055355123');
insert into minites_user 
  (email, name, phone)
values 
  ('minitestest2@gmail.com', 'minitestest2','01054555123');
-------------------------------------------------------------------------------------------------------------------------------------------------------------------------
-- 미팅 인서트
insert into minites_meeting 
  (inputdate, meeting_no, title, user_id, meeting_start, meeting_end, runtime, goal)
values 
  ('15/01/03','m1','1월 3일 회의','aileen1917@gmail.com','2015-01-25T10:00:00','2015-01-25T12:00:00',2,'1월 3일 회의 목표');
insert into minites_meeting 
  (inputdate, meeting_no, title, user_id, meeting_start, meeting_end, runtime, goal)
values 
  ('15/02/03','m2','2월 3일 회의','aileen1917@gmail.com','2015-02-03T10:00:00','2015-01-25T12:00:00',2,'2월 3일 회의 목표');
insert into minites_meeting 
  (inputdate, meeting_no, title, user_id, meeting_start, meeting_end, runtime, goal)
values 
  ('15/03/03','m3','3월 3일 회의','seekmj21@gmail.com','2015-03-03T10:00:00','2015-01-25T12:00:00',2,'3월 3일 회의 목표');
insert into minites_meeting 
  (inputdate, meeting_no, title, user_id, meeting_start, meeting_end, runtime, goal)
values 
  ('15/04/03','m4','4월 3일 회의','seekmj21@gmail.com','2015-04-03T10:00:00','2015-04-03T11:30:00',2,'4월 3일 회의 목표');
insert into minites_meeting 
  (inputdate, meeting_no, title, user_id, meeting_start, meeting_end, runtime, goal)
values 
  ('15/05/20','m5','5월 20일 회의','aileen1917@gmail.com','2015-05-03T10:00:00','2015-01-25T12:00:00',2,'5월 20일 회의 목표');

insert into minites_meeting 
  (inputdate, meeting_no, title, user_id, meeting_start, meeting_end, runtime, goal)
values 
  ('15/06/03','m6','6월 3일 회의','aileen1917@gmail.com','2015-06-03T10:00:00 ','2015-06-03T12:00:00',2,'6월 3일 회의 목표');
insert into minites_meeting 
  (inputdate, meeting_no, title, user_id, meeting_start, meeting_end, runtime, goal)
values 
  ('15/07/20','m7','1월 20일 회의','seekmj21@gmail.com','2015-07-20T10:00:00 ','2015-07-20T12:00:00',2,'7월 20일 회의 목표');
insert into minites_meeting 
  (inputdate, meeting_no, title, user_id, meeting_start, meeting_end, runtime, goal)
values 
  ('15/08/03','m8','8월 3일 회의','aileen1917@gmail.com','2015-08-03T10:00:00 ','2015-08-03T12:00:00',2,'8월 3일 회의 목표');
insert into minites_meeting 
  (inputdate, meeting_no, title, user_id, meeting_start, meeting_end, runtime, goal)
values 
  ('15/09/03','m9','9월 3일 회의','seekmj21@gmail.com','2015-09-03T10:00:00 ','2015-09-03T12:00:00',2,'9월 3일 회의 목표');
insert into minites_meeting 
  (inputdate, meeting_no, title, user_id, meeting_start, meeting_end, runtime, goal)
values 
  ('15/10/20','m10','10월 20일 회의','aileen1917@gmail.com','2015-10-20T10:00:00 ','2015-10-20T12:00:00',2,'10월 20일 회의 목표');


insert into minites_meeting 
  (inputdate, meeting_no, title, user_id, meeting_start, meeting_end, runtime, goal)
values 
  ('15/11/25','m11','11월 25일 회의','aileen1917@gmail.com','2015-11-25T10:00:00 ','2015-11-25T12:00:00',2,'11월 25일 회의 목표');
insert into minites_meeting 
  (inputdate, meeting_no, title, user_id, meeting_start, meeting_end, runtime, goal)
values 
  ('15/12/03','m12','12월 3일 회의','seekmj21@gmail.com','2015-12-03T10:00:00 ','2015-12-03T12:00:00',2,'12월 3일 회의 목표');
insert into minites_meeting 
  (inputdate, meeting_no, title, user_id, meeting_start, meeting_end, runtime, goal)
values 
  ('15/01/21','m13','1월 21일 회의','seekmj21@gmail.com','2015-01-21T10:00:00 ','2015-01-21T12:00:00',2,'1월 21일 회의 목표');
insert into minites_meeting 
  (inputdate, meeting_no, title, user_id, meeting_start, meeting_end, runtime, goal)
values 
  ('15/02/25','m14','2월 25일 회의','aileen1917@gmail.com','2015-02-25T10:00:00 ','2015-02-25T12:00:00',2,'2월 25일 회의 목표');


insert into minites_meeting 
  (inputdate, meeting_no, title, user_id, meeting_start, meeting_end, runtime, goal)
values 
  ('15/03/26','m15','3월 26일 회의','aileen1917@gmail.com','2015-03-26T10:00:00 ','2015-03-26T12:00:00',2,'3월 26일 회의 목표');
insert into minites_meeting 
  (inputdate, meeting_no, title, user_id, meeting_start, meeting_end, runtime, goal)
values 
  ('15/04/05','m16','4월 5일 회의','aileen1917@gmail.com','2015-04-05T10:00:00 ','2015-04-05T12:00:00',2,'4월 5일 회의 목표');
insert into minites_meeting 
  (inputdate, meeting_no, title, user_id, meeting_start, meeting_end, runtime, goal)
values 
  ('15/05/06','m17','5월 6일 회의','aileen1917@gmail.com','2015-05-06T10:00:00 ','2015-05-06T12:00:00',2,'5월 6일 회의 목표');

  
insert into minites_meeting 
  (inputdate, meeting_no, title, user_id, meeting_start, meeting_end, runtime, goal)
values 
  ('15/10/25','m18','10월 25일 회의','aileen1917@gmail.com','2015-10-25T10:00:00 ','2015-10-05T12:00:00',2,'10월 25일 회의 목표');
insert into minites_meeting 
  (inputdate, meeting_no, title, user_id, meeting_start, meeting_end, runtime, goal)
values 
  ('15/10/03','m19','10월 3일 회의','aileen1917@gmail.com','2015-10-03T10:00:00 ','2015-10-03T12:00:00',2,'10월 3일 회의 목표');
insert into minites_meeting 
  (inputdate, meeting_no, title, user_id, meeting_start, meeting_end, runtime, goal)
values 
  ('15/10/12','m20','10월 12일 회의','aileen1917@gmail.com','2015-10-12T10:00:00 ','2015-10-12T12:00:00',2,'10월 12일 회의 목표');
-------------------------------------------------------------------------------------------------------------------------------------------------------------------------------------------------------------------------------------------------------------
-- 참여자 인서트
insert into minites_participants
  (email, name, phone)
values 
  ('aileen1917@gmail.com', 'bk','01055555555');
insert into minites_participants
  (email, name, phone)
values 
 ('seekmj21@gmail.com', '니지','01055555123');
insert into minites_participants
  (email, name, phone)
values 
  ('minitestest@gmail.com', 'minitestest','01055355123');
insert into minites_participants
  (email, name, phone)
values 
   ('minitestest2@gmail.com', 'minitestest2','01054555123');
  
--------------------------------------------------------------------------------------------------------------------------------------------------------------------------------------------------------------------------------------------------------------------------------
-- 안건 인서트
insert into minites_agenda 
  (agenda_no, contents, meeting_no) 
values 
  ('a1','23일 회의 안건','23일 회의 안건에 대해','m1');
insert into minites_agenda 
  (agenda_no, title, description, meeting_no) 
values 
  ('a2','24일 회의 안건2','24일 회의 안건에 대해','m1');
insert into minites_agenda 
  (agenda_no, title, description, meeting_no) 
values 
  ('a3','25일 회의 안건3','25일 회의 안건에 대해','m1');
insert into minites_agenda 
  (agenda_no, title, description, meeting_no) 
values 
  ('a4','26일 회의 안건4','25일 회의 안건에 대해','m1');
-----------------------------------------------------------------------------------------------------------------------------------------------------------------------------------------------------------------------------
-- 발언 인서트
insert into minites_STATESMENT
  (stmt_no, email, contents, agenda_no)
values 
  ('st1','aileen1917@gmail.com','hello','a1');
insert into minites_STATESMENT
  (stmt_no, email, contents, agenda_no)
values 
  ('st2','aileen1917@gmail.com','hi','a2');
insert into minites_STATESMENT
  (stmt_no, email, contents, agenda_no)
values 
  ('st3','aileen1917@gmail.com','안녕','a3');
insert into minites_STATESMENT
  (stmt_no, email, contents, agenda_no)
values 
  ('st4','minitestest2@gmail.com','안녕2','a4');
insert into minites_STATESMENT
  (stmt_no, email, contents, agenda_no)
values 
  ('st5','minitestest2@gmail.com','안녕2','a4');
----------------------------------------------------------------------------------------------------------------------------------------------------------------------------------------------------------------------------------------------
-- 할 일 인서트
insert into minites_todo 
  (todo_no, stmt_no, todo_user, contents, duedate)
values 
  ('t1','st1', 'aileen1917@gmail.com', '회식 준비 하기', '2015/10/25');
insert into minites_todo 
  (todo_no, stmt_no, todo_user, contents, duedate)
values 
  ('t2','st2', 'aileen1917@gmail.com', '보고서 쓰기', '2015/06/28');
insert into minites_todo 
  (todo_no, stmt_no, todo_user, contents, duedate)
values 
  ('t3','st3', 'minitestest2@gmail.com', 'a회사에 전화하기', '2015/08/11');
insert into minites_todo 
  (todo_no, stmt_no, todo_user, contents, duedate)
values 
  ('t4','st4', 'minitestest2@gmail.com', '프레젠테이션 준비', '2015/10/30');
insert into minites_todo 
  (todo_no, stmt_no, todo_user, contents, duedate)
values 
  ('t5','st4', 'minitestest2@gmail.com', '다과 사오기', '2015/10/30');
insert into minites_todo 
  (todo_no, stmt_no, todo_user, contents, duedate)
values 
  ('t6','st4', 'seekmj21@gmail.com', '일본가기', '2015/09/11');
insert into minites_todo 
  (todo_no, stmt_no, todo_user, contents, duedate)
values 
  ('t7','st4', 'aileen1917@gmail.com', '이력서 200명꺼 읽기', '2015/12/31');
insert into minites_todo 
  (todo_no, stmt_no, todo_user, contents, duedate)
values 
  ('t8','st2', 'seekmj21@gmail.com', '과장님께 보고서 제출', '2015/12/29');



commit;

select * from minites_meeting;
select * from minites_agenda;
select * from minites_comment;
select * from minites_participants;
select * from minites_user;
select * from minites_todo;
select * from minites_statesment;
select * from minites_join;
select * from minites_invite;
select * from minites_update;